{"rounds": 56, "delta": 2, "n_samples": 1000000, "accuracy": 0.751878, "roc_auc": 0.828261923916, "tpr_at_fpr_01": 0.20681799948215485, "confusion": [400997, 99003, 149119, 350881]}
