{"final_loss": 0.5058022391029697, "final_val_accuracy": 0.75595, "wall_time_s": 3732.0717719400127, "checkpoint": "checkpoints/d64.pt"}
