{"final_loss": 0.6931471824890078, "final_val_accuracy": 0.5, "wall_time_s": 4063.6051438720024, "checkpoint": "checkpoints/d96.pt"}
